{
  "$schema": "http://json-schema.org/draft-07/schema#",
  "$id": "https://github.com/qwc-services/qwc-data-service/raw/master/schemas/qwc-data-service.json",
  "title": "QWC Data Service",
  "type": "object",
  "properties": {
    "$schema": {
      "title": "JSON Schema",
      "description": "Reference to JSON schema of this config",
      "type": "string",
      "format": "uri",
      "default": "https://github.com/qwc-services/qwc-data-service/raw/master/schemas/qwc-data-service.json"
    },
    "service": {
      "title": "Service name",
      "type": "string",
      "const": "data"
    },
    "config": {
      "title": "Config options",
      "type": "object",
      "properties": {
        "attachments_base_dir": {
          "description": "Base dir where attachments are stored",
          "type": "string"
        },
        "allowed_attachment_extensions": {
          "description": "Comma separated list of allowed attachment file extensions, i.e. '.png,.jpg'",
          "type": "string"
        },
        "max_attachment_file_size": {
          "description": "Maximum attachment file size in bytes",
          "type": "number"
        },
        "clamd_host": {
          "description": "Hostname of ClamD server listening on TCP port 3310. If set, uploaded files are checked by ClamAV",
          "type": "string"
        },
        "upload_user_field_suffix": {
          "description": "Field suffix where to log the username who last changed an upload field, i.e. <fieldname>__<suffix> for the field <fieldname>. If empty, username is not logged.",
          "type": "string"
        },
        "edit_timestamp_field": {
          "description": "If specified, the timestamp of the last mutation to a record will be logged to the <edit_timestamp_field> field of the record.",
          "type": "string"
        },
        "edit_user_field": {
          "description": "If specified, the username of the last user who performed a mutation to a record with be logged to the <edit_user_field> field of the record.",
          "type": "string"
        },
        "geometry_default_allow_null": {
          "description": "Whether to allow null geometries by default",
          "type": "boolean"
        },
        "allowed_extensions_per_dataset": {
          "description": "Loopup of allowed attachment file extensions per theme, values as comma separated list, i.e. '.png,.jpg'",
          "type": "object"
        },
        "max_attachment_file_size_per_dataset": {
          "description": "Lookup of maximum attachment file size in bytes per theme",
          "type": "object"
        },
        "attachment_store_pattern": {
          "description": "The path pattern to use when saving attachments to disk. You can use {random}, {filename}, {ext} and {<field>}, where field refers to the respective field value of the committed feature. Default is '{random}/{filename}'",
          "type": "string"
        }
      }
    },
    "resources": {
      "title": "Resources",
      "type": "object",
      "properties": {
        "datasets": {
          "title": "Datasets",
          "type": "array",
          "items": {
            "title": "Dataset",
            "description": "PostgreSQL metadata and field constraints for a dataset",
            "type": "object",
            "properties": {
              "name": {
                "description": "Dataset name",
                "type": "string"
              },
              "db_url": {
                "description": "DB connection string for read and write access (or read-only access if db_write_url is present)",
                "type": "string"
              },
              "db_write_url": {
                "description": "Optional DB connection string for write access",
                "type": "string"
              },
              "schema": {
                "type": "string"
              },
              "table_name": {
                "type": "string"
              },
              "primary_key": {
                "type": "string"
              },
              "fields": {
                "description": "Dataset fields with optional constraints",
                "type": "array",
                "items": {
                  "type": "object",
                  "properties": {
                    "name": {
                      "description": "Field name",
                      "type": "string"
                    },
                    "data_type": {
                      "type": "string",
                      "enum": [
                        "USER-DEFINED",
                        "bigint",
                        "boolean",
                        "character",
                        "character varying",
                        "date",
                        "double precision",
                        "file",
                        "integer",
                        "json",
                        "jsonb",
                        "numeric",
                        "real",
                        "smallint",
                        "text",
                        "time",
                        "timestamp with time zone",
                        "timestamp without time zone",
                        "uuid"
                      ],
                      "default": "text"
                    },
                    "constraints": {
                      "type": "object",
                      "properties": {
                        "maxlength": {
                          "type": "integer"
                        },
                        "pattern": {
                          "type": "string"
                        },
                        "min": {
                          "type": "number"
                        },
                        "max": {
                          "type": "number"
                        },
                        "numeric_precision": {
                          "type": "integer"
                        },
                        "numeric_scale": {
                          "type": "integer"
                        },
                        "step": {
                          "type": "number"
                        },
                        "values": {
                          "type": "array",
                          "items": {
                            "type": "object",
                            "properties": {
                              "label": {
                                "type": "string"
                              },
                              "value": {
                                "type": "string"
                              }
                            },
                            "required": [
                              "label",
                              "value"
                            ]
                          }
                        },
                        "readOnly": {
                          "type": "boolean"
                        },
                        "required": {
                          "type": "boolean"
                        }
                      }
                    }
                  },
                  "required": [
                    "name",
                    "data_type"
                  ]
                }
              },
              "geometry": {
                "title": "PostGIS geometry metadata",
                "type": "object",
                "properties": {
                  "geometry_column": {
                    "type": "string"
                  },
                  "geometry_type": {
                    "type": "string",
                    "enum": [
                      "POINT",
                      "POINTZ",
                      "LINESTRING",
                      "LINESTRINGZ",
                      "POLYGON",
                      "POLYGONZ",
                      "MULTIPOINT",
                      "MULTIPOINTZ",
                      "MULTILINESTRING",
                      "MULTILINESTRINGZ",
                      "MULTIPOLYGON",
                      "MULTIPOLYGONZ"
                    ]
                  },
                  "srid": {
                    "title": "SRID",
                    "description": "Spatial Reference System Identifier (EPSG code)",
                    "type": "integer"
                  },
                  "allow_null": {
                    "title": "Allow NULL geometries",
                    "description": "Allow setting geometry values to NULL",
                    "type": "boolean",
                    "default": false
                  }
                },
                "required": [
                  "geometry_column",
                  "geometry_type",
                  "srid"
                ]
              }
            },
            "required": [
              "name",
              "db_url",
              "schema",
              "table_name",
              "primary_key",
              "fields"
            ]
          }
        }
      },
      "required": [
        "datasets"
      ]
    }
  },
  "required": [
    "service",
    "config",
    "resources"
  ]
}
