{
  "$schema": "https://github.com/qwc-services/qwc-admin-gui/raw/2024-lts/schemas/qwc-admin-gui.json",
  "service": "admin-gui",
  "config": {
    "db_url": "postgresql:///?service=qwc_configdb",
    "config_generator_service_url": "http://qwc-config-service:9090",
    "totp_enabled": false,
    "user_info_fields": [],
    "proxy_url_whitelist": [],
    "proxy_timeout": 60,
    "plugins": [
      "themes"
    ],
    "input_config_path": "/src/qwc_service/config-in",
    "qwc2_path": "/qwc2",
    "qgs_resources_path": "/qgs-resources",
    "ows_service_url": "/ows"
  }
}