{
  "$schema": "https://github.com/qwc-services/qwc-feature-info-service/raw/2024-lts/schemas/qwc-feature-info-service.json",
  "service": "feature-info",
  "config": {
    "default_qgis_server_url": "http://qwc-qgis-server/ows/",
    "skip_empty_attributes": false
  },
  "resources": {
    "wms_services": [
      {
        "name": "Aeroways_project",
        "root_layer": {
          "name": "Aeroways_project",
          "title": "Aeroways project",
          "layers": [
            {
              "name": "cafe",
              "title": "cafes",
              "attributes": [
                {
                  "name": "full_id"
                },
                {
                  "name": "osm_id"
                },
                {
                  "name": "osm_type"
                },
                {
                  "name": "amenity"
                },
                {
                  "name": "descriptio"
                },
                {
                  "name": "ref"
                },
                {
                  "name": "level_ref"
                },
                {
                  "name": "operator_w"
                },
                {
                  "name": "operator_1"
                },
                {
                  "name": "operator"
                },
                {
                  "name": "contact_tw"
                },
                {
                  "name": "contact_fa"
                },
                {
                  "name": "was_name"
                },
                {
                  "name": "theme"
                },
                {
                  "name": "payment_de"
                },
                {
                  "name": "payment_cr"
                },
                {
                  "name": "alt_name"
                },
                {
                  "name": "safety_mas"
                },
                {
                  "name": "drink_tea"
                },
                {
                  "name": "diet_vegan"
                },
                {
                  "name": "diet_glute"
                },
                {
                  "name": "drink_espr"
                },
                {
                  "name": "payment_di"
                },
                {
                  "name": "payment_ca"
                },
                {
                  "name": "payment_am"
                },
                {
                  "name": "email"
                },
                {
                  "name": "atm"
                },
                {
                  "name": "toilets_un"
                },
                {
                  "name": "toilets_ac"
                },
                {
                  "name": "toilets"
                },
                {
                  "name": "drink_coff"
                },
                {
                  "name": "name_fa"
                },
                {
                  "name": "short_name"
                },
                {
                  "name": "delivery"
                },
                {
                  "name": "air_condit"
                },
                {
                  "name": "shop"
                },
                {
                  "name": "name_es"
                },
                {
                  "name": "contact_in"
                },
                {
                  "name": "name_ja"
                },
                {
                  "name": "brand_ja"
                },
                {
                  "name": "brand_en"
                },
                {
                  "name": "branch"
                },
                {
                  "name": "diet_veget"
                },
                {
                  "name": "addr_unit"
                },
                {
                  "name": "drive_thro"
                },
                {
                  "name": "smoking"
                },
                {
                  "name": "bar"
                },
                {
                  "name": "name_zh"
                },
                {
                  "name": "name_en"
                },
                {
                  "name": "payment_vi"
                },
                {
                  "name": "payment_ma"
                },
                {
                  "name": "addr_floor"
                },
                {
                  "name": "toilets_wh"
                },
                {
                  "name": "level"
                },
                {
                  "name": "phone"
                },
                {
                  "name": "internet_a"
                },
                {
                  "name": "check_date"
                },
                {
                  "name": "wheelchair"
                },
                {
                  "name": "contact_we"
                },
                {
                  "name": "takeaway"
                },
                {
                  "name": "official_n"
                },
                {
                  "name": "internet_1"
                },
                {
                  "name": "cuisine"
                },
                {
                  "name": "brand_wiki"
                },
                {
                  "name": "brand"
                },
                {
                  "name": "website"
                },
                {
                  "name": "outdoor_se"
                },
                {
                  "name": "opening_ho"
                },
                {
                  "name": "name"
                },
                {
                  "name": "addr_stree"
                },
                {
                  "name": "addr_postc"
                },
                {
                  "name": "addr_house"
                },
                {
                  "name": "addr_city"
                },
                {
                  "name": "gnis_revie"
                },
                {
                  "name": "gnis_impor"
                },
                {
                  "name": "gnis_featu"
                },
                {
                  "name": "gnis_count"
                },
                {
                  "name": "ele"
                },
                {
                  "name": "addr_state"
                },
                {
                  "name": "geometry"
                },
                {
                  "name": "maptip"
                }
              ],
              "display_field": "was_name"
            },
            {
              "name": "roads",
              "title": "roads",
              "attributes": [
                {
                  "name": "full_id"
                },
                {
                  "name": "osm_id"
                },
                {
                  "name": "osm_type"
                },
                {
                  "name": "bicycle"
                },
                {
                  "name": "turn_lanes"
                },
                {
                  "name": "lanes_forw"
                },
                {
                  "name": "lanes_back"
                },
                {
                  "name": "sidewalk_r"
                },
                {
                  "name": "sidewalk_l"
                },
                {
                  "name": "wheelchair"
                },
                {
                  "name": "turn_lan_1"
                },
                {
                  "name": "footway_su"
                },
                {
                  "name": "cycleway_s"
                },
                {
                  "name": "check_date"
                },
                {
                  "name": "width"
                },
                {
                  "name": "lit"
                },
                {
                  "name": "bridge"
                },
                {
                  "name": "sidewalk_b"
                },
                {
                  "name": "access"
                },
                {
                  "name": "footway"
                },
                {
                  "name": "crossing_m"
                },
                {
                  "name": "crossing_i"
                },
                {
                  "name": "crossing"
                },
                {
                  "name": "segregated"
                },
                {
                  "name": "hgv"
                },
                {
                  "name": "tunnel"
                },
                {
                  "name": "rollerblad"
                },
                {
                  "name": "oneway"
                },
                {
                  "name": "layer"
                },
                {
                  "name": "foot"
                },
                {
                  "name": "covered"
                },
                {
                  "name": "shoulder"
                },
                {
                  "name": "lanes"
                },
                {
                  "name": "abutters"
                },
                {
                  "name": "surface"
                },
                {
                  "name": "sidewalk"
                },
                {
                  "name": "cycleway_r"
                },
                {
                  "name": "cycleway_l"
                },
                {
                  "name": "tiger_revi"
                },
                {
                  "name": "maxspeed"
                },
                {
                  "name": "tiger_name"
                },
                {
                  "name": "tiger_na_1"
                },
                {
                  "name": "tiger_coun"
                },
                {
                  "name": "tiger_cfcc"
                },
                {
                  "name": "name"
                },
                {
                  "name": "highway"
                },
                {
                  "name": "cycleway"
                },
                {
                  "name": "geometry"
                },
                {
                  "name": "maptip"
                }
              ],
              "display_field": "tiger_name"
            },
            {
              "name": "polygons",
              "title": "Airports",
              "attributes": [
                {
                  "name": "full_id"
                },
                {
                  "name": "osm_id"
                },
                {
                  "name": "osm_type"
                },
                {
                  "name": "aeroway"
                },
                {
                  "name": "lacounty_b"
                },
                {
                  "name": "lacounty_a"
                },
                {
                  "name": "height"
                },
                {
                  "name": "building"
                },
                {
                  "name": "surface"
                },
                {
                  "name": "rooftop"
                },
                {
                  "name": "lit"
                },
                {
                  "name": "layer"
                },
                {
                  "name": "wikidata"
                },
                {
                  "name": "variation"
                },
                {
                  "name": "source_ref"
                },
                {
                  "name": "source_dat"
                },
                {
                  "name": "ref"
                },
                {
                  "name": "phone"
                },
                {
                  "name": "operator"
                },
                {
                  "name": "note_accur"
                },
                {
                  "name": "name"
                },
                {
                  "name": "gnis_featu"
                },
                {
                  "name": "gnis_fea_1"
                },
                {
                  "name": "gnis_creat"
                },
                {
                  "name": "gnis_count"
                },
                {
                  "name": "faa"
                },
                {
                  "name": "ele"
                },
                {
                  "name": "closest_to"
                },
                {
                  "name": "addr_state"
                },
                {
                  "name": "accuracy"
                },
                {
                  "name": "access"
                },
                {
                  "name": "FAA_LFSN"
                },
                {
                  "name": "type"
                },
                {
                  "name": "geometry"
                },
                {
                  "name": "maptip"
                }
              ],
              "display_field": "name"
            },
            {
              "name": "positron",
              "title": "Positron"
            }
          ]
        }
      }
    ]
  }
}