{
  "$schema": "https://github.com/qwc-services/qwc-legend-service/raw/2024-lts/schemas/qwc-legend-service.json",
  "service": "legend",
  "config": {
    "default_qgis_server_url": "http://qwc-qgis-server/ows/",
    "legend_images_path": "/legends/"
  },
  "resources": {
    "wms_services": [
      {
        "name": "Aeroways_project",
        "root_layer": {
          "name": "Aeroways_project",
          "layers": [
            {
              "name": "cafe"
            },
            {
              "name": "roads"
            },
            {
              "name": "polygons"
            },
            {
              "name": "positron"
            }
          ]
        }
      }
    ]
  }
}