{
  "$schema": "https://github.com/qwc-services/qwc-map-viewer/raw/2024-lts/schemas/qwc-map-viewer.json",
  "service": "map-viewer",
  "config": {
    "qwc2_path": "/qwc2/",
    "auth_service_url": "/auth/",
    "data_service_url": "/api/v1/data/",
    "#document_service_url": "/api/v1/document/",
    "elevation_service_url": "/elevation/",
    "info_service_url": "/api/v1/featureinfo/",
    "legend_service_url": "/api/v1/legend/",
    "mapinfo_service_url": "/api/v1/mapinfo/",
    "ogc_service_url": "/ows/",
    "permalink_service_url": "/api/v1/permalink/",
    "#print_service_url": "/api/v1/print/",
    "search_service_url": "/api/v2/search/",
    "search_data_service_url": "/api/v2/search/geom/"
  },
  "resources": {
    "qwc2_config": {
      "restricted_viewer_tasks": [],
      "config": {
        "urlPositionFormat": "centerAndZoom",
        "urlPositionCrs": "",
        "omitUrlParameterUpdates": false,
        "preserveExtentOnThemeSwitch": true,
        "preserveBackgroundOnThemeSwitch": true,
        "preserveNonThemeLayersOnThemeSwitch": false,
        "allowReorderingLayers": true,
        "preventSplittingGroupsWhenReordering": false,
        "allowLayerTreeSeparators": false,
        "allowRemovingThemeLayers": true,
        "globallyDisableDockableDialogs": false,
        "searchThemes": true,
        "allowAddingOtherThemes": true,
        "allowFractionalZoom": false,
        "localeAwareNumbers": false,
        "identifyTool": "Identify",
        "wmsDpi": 96,
        "wmsHidpi": false,
        "qgisServerVersion": 3,
        "defaultFeatureStyle": {
          "strokeColor": [
            0,
            0,
            255,
            1
          ],
          "strokeWidth": 1,
          "strokeDash": [
            4
          ],
          "fillColor": [
            255,
            0,
            255,
            0.33
          ],
          "circleRadius": 10,
          "textFill": "black",
          "textStroke": "white",
          "textFont": "11pt sans-serif"
        },
        "importLayerUrlPresets": [
          {
            "label": "Swisstopo WMTS",
            "value": "https://wmts10.geo.admin.ch/EPSG/2056/1.0.0/WMTSCapabilities.xml"
          }
        ],
        "projections": [
          {
            "code": "EPSG:32632",
            "proj": "+proj=utm +zone=32 +datum=WGS84 +units=m +no_defs",
            "label": "WGS 84 / UTM zone 32N"
          },
          {
            "code": "EPSG:31254",
            "proj": "+proj=tmerc +lat_0=0 +lon_0=10.33333333333333 +k=1 +x_0=0 +y_0=-5000000 +ellps=bessel +towgs84=577.326,90.129,463.919,5.137,1.474,5.297,2.4232 +units=m +no_defs +axis=neu",
            "label": "MGI / Austria GK West"
          },
          {
            "code": "EPSG:21781",
            "proj": "+proj=somerc +lat_0=46.95240555555556 +lon_0=7.439583333333333 +k_0=1 +x_0=600000 +y_0=200000 +ellps=bessel +towgs84=674.4,15.1,405.3,0,0,0,0 +units=m +no_defs",
            "label": "CH1903 / LV03"
          },
          {
            "code": "EPSG:2056",
            "proj": "+proj=somerc +lat_0=46.95240555555556 +lon_0=7.439583333333333 +k_0=1 +x_0=2600000 +y_0=1200000 +ellps=bessel +towgs84=674.374,15.056,405.346,0,0,0,0 +units=m +no_defs",
            "label": "CH1903+ / LV95"
          },
          {
            "code": "EPSG:25832",
            "proj": "+proj=utm +zone=32 +ellps=GRS80 +towgs84=0,0,0,0,0,0,0 +units=m +no_defs",
            "label": "ETRS89 / UTM 32N"
          },
          {
            "code": "EPSG:31983",
            "proj": "+proj=utm +zone=23 +south +ellps=GRS80 +towgs84=0,0,0,0,0,0,0 +units=m +no_defs",
            "label": "SIRGAS 2000 / UTM zone 23S"
          }
        ],
        "plugins": {
          "mobile": [
            {
              "name": "Map",
              "cfg": {
                "mapOptions": {
                  "zoomDuration": 250,
                  "enableRotation": true
                },
                "toolsOptions": {
                  "OverviewSupport": {
                    "tipLabel": "Overview"
                  },
                  "LocateSupport": {
                    "keepCurrentZoomLevel": true,
                    "startupMode": "DISABLED"
                  },
                  "ScaleBarSupport": {
                    "units": "metric"
                  }
                }
              }
            },
            {
              "name": "HomeButton",
              "cfg": {
                "position": 2
              }
            },
            {
              "name": "LocateButton",
              "cfg": {
                "position": 1
              }
            },
            {
              "name": "BackgroundSwitcher",
              "cfg": {
                "position": 0
              }
            },
            {
              "name": "TopBar",
              "cfg": {
                "menuItems": [
                  {
                    "key": "ThemeSwitcher",
                    "icon": "themes"
                  },
                  {
                    "key": "LayerTree",
                    "icon": "layers"
                  },
                  {
                    "key": "LayerCatalog",
                    "icon": "catalog"
                  },
                  {
                    "key": "Share",
                    "icon": "share"
                  },
                  {
                    "key": "Bookmark",
                    "icon": "bookmark"
                  },
                  {
                    "key": "Tools",
                    "icon": "tools",
                    "subitems": [
                      {
                        "key": "Identify",
                        "icon": "identify_region",
                        "mode": "Region"
                      },
                      {
                        "key": "Measure",
                        "icon": "measure"
                      },
                      {
                        "key": "Redlining",
                        "icon": "draw"
                      },
                      {
                        "key": "Editing",
                        "icon": "editing"
                      },
                      {
                        "key": "FeatureForm",
                        "icon": "featureform"
                      },
                      {
                        "key": "AttributeTable",
                        "icon": "editing"
                      },
                      {
                        "key": "DxfExport",
                        "icon": "dxfexport"
                      },
                      {
                        "key": "RasterExport",
                        "icon": "rasterexport"
                      }
                    ]
                  },
                  {
                    "key": "Print",
                    "icon": "print"
                  },
                  {
                    "key": "Help",
                    "icon": "info"
                  },
                  {
                    "key": "Settings",
                    "icon": "cog"
                  },
                  {
                    "key": "Login",
                    "icon": "login"
                  }
                ],
                "searchOptions": {
                  "minScaleDenom": 1000,
                  "showProviderSelection": true,
                  "providerSelectionAllowAll": true,
                  "zoomToLayers": false,
                  "showProvidersInPlaceholder": false
                },
                "appMenuClearsTask": true,
                "appMenuFilterField": true,
                "appMenuVisibleOnStartup": false
              }
            },
            {
              "name": "ThemeSwitcher",
              "cfg": {
                "collapsibleGroups": true
              }
            },
            {
              "name": "Measure",
              "cfg": {
                "showMeasureModeSwitcher": true
              }
            },
            {
              "name": "BottomBar",
              "cfg": {
                "displayCoordinates": false,
                "displayScales": false,
                "viewertitleUrl": "http://qgis.org/",
                "termsUrl": "http://qgis.org/"
              }
            },
            {
              "name": "Identify",
              "cfg": {
                "params": {
                  "FI_POINT_TOLERANCE": 32,
                  "FI_LINE_TOLERANCE": 16,
                  "FI_POLYGON_TOLERANCE": 8,
                  "feature_count": 20,
                  "region_feature_count": 100
                },
                "enableExport": true,
                "longAttributesDisplay": "wrap",
                "displayResultTree": false,
                "featureInfoReturnsLayerName": true
              }
            },
            {
              "name": "Share",
              "cfg": {
                "showSocials": true,
                "showLink": true,
                "showQRCode": true
              },
              "mapClickAction": "identify"
            },
            {
              "name": "Print",
              "cfg": {
                "inlinePrintOutput": false,
                "printExternalLayers": true,
                "gridInitiallyEnabled": false
              }
            },
            {
              "name": "Help",
              "mapClickAction": "identify"
            },
            {
              "name": "MapCopyright"
            },
            {
              "name": "LayerTree",
              "cfg": {
                "showLegendIcons": true,
                "showRootEntry": true,
                "showQueryableIcon": true,
                "allowMapTips": true,
                "allowCompare": true,
                "allowImport": true,
                "groupTogglesSublayers": false,
                "grayUnchecked": false,
                "layerInfoWindowSize": {
                  "width": 480,
                  "height": 400
                },
                "bboxDependentLegend": true,
                "scaleDependentLegend": "theme"
              },
              "mapClickAction": "unset"
            },
            {
              "name": "DxfExport"
            },
            {
              "name": "RasterExport",
              "cfg": {
                "dpis": [
                  96,
                  300
                ],
                "exportExternalLayers": true
              }
            },
            {
              "name": "Redlining"
            },
            {
              "name": "Editing"
            },
            {
              "name": "AttributeTable"
            },
            {
              "name": "MapCompare"
            },
            {
              "name": "HeightProfile",
              "cfg": {
                "heighProfilePrecision": 0
              }
            },
            {
              "name": "MapInfoTooltip",
              "cfg": {
                "elevationPrecision": 0,
                "includeWGS84": true
              }
            },
            {
              "name": "StartupMarker",
              "cfg": {
                "removeMode": "onclickonmarker"
              }
            },
            {
              "name": "LayerCatalog",
              "cfg": {
                "catalogUrl": "http://qwc2.sourcepole.ch/assets/catalog.json"
              }
            },
            {
              "name": "Bookmark"
            },
            {
              "name": "Authentication"
            },
            {
              "name": "FeatureForm"
            },
            {
              "name": "Settings",
              "cfg": {
                "languages": [
                  {
                    "title": "English",
                    "value": "en-US"
                  },
                  {
                    "title": "Deutsch",
                    "value": "de-CH"
                  },
                  {
                    "title": "Italiano",
                    "value": "it-IT"
                  }
                ],
                "colorSchemes": [
                  {
                    "titleMsgId": "colorschemes.default",
                    "value": "default"
                  },
                  {
                    "titleMsgId": "colorschemes.highcontrast",
                    "value": "highcontrast"
                  },
                  {
                    "titleMsgId": "colorschemes.dark",
                    "value": "dark"
                  }
                ]
              }
            }
          ],
          "desktop": [
            {
              "name": "Map",
              "cfg": {
                "mapOptions": {
                  "zoomDuration": 250,
                  "enableRotation": true
                },
                "toolsOptions": {
                  "OverviewSupport": {
                    "tipLabel": "Overview"
                  },
                  "LocateSupport": {
                    "keepCurrentZoomLevel": true,
                    "stopFollowingOnDrag": true,
                    "startupMode": "DISABLED"
                  },
                  "ScaleBarSupport": {
                    "units": "metric"
                  }
                },
                "swipeGeometryTypeBlacklist": [],
                "swipeLayerNameBlacklist": []
              }
            },
            {
              "name": "TaskButton",
              "cfg": {
                "position": 5,
                "task": "LayerTree",
                "icon": "list-alt"
              }
            },
            {
              "name": "TaskButton",
              "cfg": {
                "position": 6,
                "task": "Editing",
                "icon": "editing"
              }
            },
            {
              "name": "HomeButton",
              "cfg": {
                "position": 4
              }
            },
            {
              "name": "LocateButton",
              "cfg": {
                "position": 3
              }
            },
            {
              "name": "ZoomIn",
              "cfg": {
                "position": 2
              }
            },
            {
              "name": "ZoomOut",
              "cfg": {
                "position": 1
              }
            },
            {
              "name": "BackgroundSwitcher",
              "cfg": {
                "position": 0
              }
            },
            {
              "name": "TopBar",
              "cfg": {
                "menuItems": [
                  {
                    "key": "ThemeSwitcher",
                    "icon": "themes"
                  },
                  {
                    "key": "LayerTree",
                    "icon": "layers"
                  },
                  {
                    "key": "LayerCatalog",
                    "icon": "catalog"
                  },
                  {
                    "key": "Share",
                    "icon": "share"
                  },
                  {
                    "key": "Bookmark",
                    "icon": "bookmark"
                  },
                  {
                    "key": "Tools",
                    "icon": "tools",
                    "subitems": [
                      {
                        "key": "TimeManager",
                        "icon": "clock"
                      },
                      {
                        "key": "Identify",
                        "icon": "identify_region",
                        "mode": "Region"
                      },
                      {
                        "key": "Measure",
                        "icon": "measure"
                      },
                      {
                        "key": "Redlining",
                        "icon": "draw"
                      },
                      {
                        "key": "Editing",
                        "icon": "editing"
                      },
                      {
                        "key": "FeatureForm",
                        "icon": "featureform"
                      },
                      {
                        "key": "AttributeTable",
                        "icon": "editing"
                      },
                      {
                        "key": "DxfExport",
                        "icon": "dxfexport"
                      },
                      {
                        "key": "RasterExport",
                        "icon": "rasterexport"
                      }
                    ]
                  },
                  {
                    "key": "Print",
                    "icon": "print"
                  },
                  {
                    "key": "Help",
                    "icon": "info"
                  },
                  {
                    "key": "Settings",
                    "icon": "cog"
                  },
                  {
                    "key": "Login",
                    "icon": "login"
                  }
                ],
                "toolbarItems": [
                  {
                    "key": "Measure",
                    "mode": "LineString",
                    "icon": "measure_line"
                  },
                  {
                    "key": "Measure",
                    "mode": "Polygon",
                    "icon": "measure_polygon"
                  },
                  {
                    "key": "Print",
                    "icon": "print"
                  },
                  {
                    "key": "Identify",
                    "icon": "identify_region",
                    "mode": "Region"
                  },
                  {
                    "key": "TimeManager",
                    "icon": "clock"
                  }
                ],
                "searchOptions": {
                  "minScaleDenom": 1000,
                  "showProviderSelection": true,
                  "providerSelectionAllowAll": true,
                  "zoomToLayers": false,
                  "showProvidersInPlaceholder": false
                },
                "appMenuClearsTask": true,
                "appMenuFilterField": true,
                "appMenuVisibleOnStartup": false,
                "logoUrl": "/"
              }
            },
            {
              "name": "BottomBar",
              "cfg": {
                "viewertitleUrl": "http://qgis.org/",
                "termsUrl": "http://qgis.org/"
              }
            },
            {
              "name": "Measure",
              "cfg": {
                "showMeasureModeSwitcher": true,
                "snapping": true,
                "snappingActive": true
              }
            },
            {
              "name": "ThemeSwitcher",
              "cfg": {
                "collapsibleGroups": true
              }
            },
            {
              "name": "LayerTree",
              "cfg": {
                "showLegendIcons": true,
                "showRootEntry": true,
                "showQueryableIcon": true,
                "allowMapTips": true,
                "allowCompare": true,
                "allowImport": true,
                "groupTogglesSublayers": false,
                "grayUnchecked": false,
                "layerInfoWindowSize": {
                  "width": 480,
                  "height": 400
                },
                "bboxDependentLegend": true,
                "scaleDependentLegend": "theme",
                "showToggleAllLayersCheckbox": true
              },
              "mapClickAction": "identify"
            },
            {
              "name": "Identify",
              "cfg": {
                "params": {
                  "FI_POINT_TOLERANCE": 16,
                  "FI_LINE_TOLERANCE": 8,
                  "FI_POLYGON_TOLERANCE": 4,
                  "feature_count": 20,
                  "region_feature_count": 100
                },
                "enableExport": true,
                "longAttributesDisplay": "wrap",
                "displayResultTree": false,
                "featureInfoReturnsLayerName": true,
                "initialWidth": 480,
                "initialHeight": 550
              }
            },
            {
              "name": "MapTip"
            },
            {
              "name": "Share",
              "cfg": {
                "showSocials": true,
                "showLink": true,
                "showQRCode": true
              },
              "mapClickAction": "identify"
            },
            {
              "name": "Print",
              "cfg": {
                "inlinePrintOutput": true,
                "printExternalLayers": true,
                "gridInitiallyEnabled": false
              }
            },
            {
              "name": "Help",
              "mapClickAction": "identify"
            },
            {
              "name": "MapCopyright",
              "cfg": {
                "showThemeCopyrightOnly": true
              }
            },
            {
              "name": "DxfExport",
              "cfg": {}
            },
            {
              "name": "RasterExport",
              "cfg": {
                "dpis": [
                  96,
                  300
                ],
                "exportExternalLayers": true
              }
            },
            {
              "name": "Redlining",
              "cfg": {
                "snapping": true,
                "snappingActive": true
              }
            },
            {
              "name": "Editing",
              "cfg": {
                "snapping": true,
                "snappingActive": true
              }
            },
            {
              "name": "MapCompare"
            },
            {
              "name": "HeightProfile",
              "cfg": {
                "heighProfilePrecision": 0
              }
            },
            {
              "name": "MapInfoTooltip",
              "cfg": {
                "elevationPrecision": 0,
                "includeWGS84": true
              }
            },
            {
              "name": "StartupMarker",
              "cfg": {
                "removeMode": "onclickonmarker"
              }
            },
            {
              "name": "API"
            },
            {
              "name": "ScratchDrawing"
            },
            {
              "name": "LayerCatalog",
              "cfg": {
                "catalogUrl": "http://localhost/catalog.json"
              }
            },
            {
              "name": "Bookmark"
            },
            {
              "name": "AttributeTable"
            },
            {
              "name": "Authentication"
            },
            {
              "name": "FeatureForm"
            },
            {
              "name": "TimeManager",
              "mapClickAction": "identify"
            },
            {
              "name": "Settings",
              "cfg": {
                "languages": [
                  {
                    "title": "English",
                    "value": "en-US"
                  },
                  {
                    "title": "Deutsch",
                    "value": "de-CH"
                  },
                  {
                    "title": "Italiano",
                    "value": "it-IT"
                  }
                ],
                "colorSchemes": [
                  {
                    "titleMsgId": "colorschemes.default",
                    "value": "default"
                  },
                  {
                    "titleMsgId": "colorschemes.highcontrast",
                    "value": "highcontrast"
                  },
                  {
                    "titleMsgId": "colorschemes.dark",
                    "value": "dark"
                  }
                ]
              }
            }
          ]
        }
      }
    },
    "qwc2_themes": {
      "themes": {
        "title": "root",
        "items": [
          {
            "id": "vrajesh_project",
            "name": "Aeroways_project",
            "title": "Aeroways in LA",
            "description": "",
            "wmsOnly": false,
            "wms_name": "Aeroways_project",
            "url": "/ows/Aeroways_project",
            "attribution": {
              "Title": "Aeroways in LA",
              "OnlineResource": "https://127.0.0.1/"
            },
            "abstract": "Aeroways project to show cafe near airports nearby Los Angeles.",
            "keywords": "",
            "onlineResource": "",
            "contact": {
              "person": "Vrajesh",
              "organization": "unknown",
              "position": null,
              "phone": null,
              "email": null
            },
            "mapCrs": "EPSG:4326",
            "bbox": {
              "crs": "EPSG:4326",
              "bounds": [
                -13193050.949435,
                4026797.808646,
                -13175535.928267,
                4037414.259309
              ]
            },
            "initialBbox": {
              "crs": "EPSG:4326",
              "bounds": [
                -148.400050231,
                -77.260039857,
                14.670993524,
                63.821140796
              ]
            },
            "sublayers": [
              {
                "name": "cafe",
                "title": "cafes",
                "visibility": true,
                "geometryType": "Point",
                "queryable": true,
                "styles": {
                  "default": "default"
                },
                "style": "default",
                "displayField": "was_name",
                "opacity": 255,
                "bbox": {
                  "crs": "EPSG:4326",
                  "bounds": [
                    -118.501788,
                    33.979682,
                    -118.361654,
                    34.074431
                  ]
                },
                "dimensions": [],
                "attribution": {
                  "Title": null,
                  "OnlineResource": null
                }
              },
              {
                "name": "roads",
                "title": "roads",
                "visibility": true,
                "geometryType": "MultiLineString",
                "queryable": true,
                "styles": {
                  "default": "default"
                },
                "style": "default",
                "displayField": "tiger_name",
                "opacity": 255,
                "bbox": {
                  "crs": "EPSG:4326",
                  "bounds": [
                    -118.51692,
                    33.994181,
                    -118.442456,
                    34.042059
                  ]
                },
                "dimensions": [],
                "abstract": "bicycle roads near LA",
                "attribution": {
                  "Title": null,
                  "OnlineResource": null
                }
              },
              {
                "name": "polygons",
                "title": "Airports",
                "visibility": true,
                "geometryType": "MultiPolygon",
                "queryable": true,
                "styles": {
                  "default": "default"
                },
                "style": "default",
                "displayField": "name",
                "opacity": 255,
                "bbox": {
                  "crs": "EPSG:4326",
                  "bounds": [
                    -118.475331,
                    33.984196,
                    -118.352041,
                    34.084659
                  ]
                },
                "dimensions": [],
                "attribution": {
                  "Title": null,
                  "OnlineResource": null
                }
              },
              {
                "name": "positron",
                "title": "Positron",
                "visibility": true,
                "geometryType": null,
                "queryable": true,
                "styles": {
                  "default": "default"
                },
                "style": "default",
                "opacity": 255,
                "bbox": {
                  "crs": "EPSG:4326",
                  "bounds": [
                    -180.0,
                    -85.051129,
                    180.0,
                    85.051129
                  ]
                },
                "dimensions": [],
                "attribution": {
                  "Title": "Map tiles by CartoDB, under CC BY 3.0. Data by OpenStreetMap, under ODbL.",
                  "OnlineResource": "https://cartodb.com/basemaps/"
                }
              }
            ],
            "expanded": true,
            "drawingOrder": [
              "positron",
              "polygons",
              "roads",
              "cafe"
            ],
            "externalLayers": [],
            "backgroundLayers": [
              {
                "name": "roads"
              },
              {
                "name": "cafes"
              },
              {
                "name": "airports"
              },
              {
                "name": "Positron",
                "visibility": true
              }
            ],
            "print": [
              {
                "name": "printlayout",
                "map": {
                  "name": "map0",
                  "width": 282.2,
                  "height": 160.65
                },
                "labels": [
                  "Label"
                ],
                "default": false
              }
            ],
            "skipEmptyFeatureAttributes": true,
            "searchProviders": [
              "coordinates",
              "nominatim",
              {
                "provider": "solr",
                "default": []
              }
            ],
            "editConfig": {},
            "thumbnail": "img/mapthumbs/Aeroways_project.png",
            "availableFormats": [
              "image/jpeg",
              "image/png",
              "image/png; mode=16bit",
              "image/png; mode=8bit",
              "image/png; mode=1bit",
              "application/dxf"
            ],
            "infoFormats": [
              "text/plain",
              "text/html",
              "text/xml",
              "application/vnd.ogc.gml",
              "application/vnd.ogc.gml/3.1.1",
              "application/json",
              "application/geo+json"
            ],
            "printResolutions": [
              300
            ]
          }
        ],
        "subdirs": [],
        "defaultTheme": "vrajesh_project",
        "externalLayers": [],
        "backgroundLayers": [
          {
            "name": "Positron",
            "title": "Positron",
            "type": "dataset",
            "source": "osm",
            "thumbnail": "img/mapthumbs/positron.png",
            "attribution": {
              "Title": "CARTODB maps",
              "OnlineResource": "https://cartodb.com/basemaps/"
            }
          }
        ],
        "pluginData": {},
        "themeInfoLinks": [],
        "defaultMapCrs": null,
        "defaultWMSVersion": "1.3.0",
        "defaultScales": [
          100000000,
          50000000,
          25000000,
          10000000,
          4000000,
          2000000,
          1000000,
          400000,
          200000,
          80000,
          40000,
          20000,
          10000,
          8000,
          6000,
          4000,
          2000,
          1000,
          500,
          250,
          100
        ],
        "defaultPrintScales": null,
        "defaultPrintResolutions": null,
        "defaultPrintGrid": null,
        "defaultSearchProviders": [
          "coordinates"
        ],
        "defaultBackgroundLayers": []
      }
    }
  }
}