{
  "$schema": "https://github.com/qwc-services/qwc-ogc-service/raw/2024-lts/schemas/qwc-ogc-service.json",
  "service": "ogc",
  "config": {
    "default_qgis_server_url": "http://qwc-qgis-server/ows/"
  },
  "resources": {
    "wms_services": [
      {
        "name": "Aeroways_project",
        "online_resources": {
          "service": "/ows/Aeroways_project",
          "feature_info": "/api/v1/featureinfo/Aeroways_project",
          "legend": "/api/v1/legend/Aeroways_project"
        },
        "root_layer": {
          "name": "Aeroways_project",
          "title": "Aeroways project",
          "layers": [
            {
              "name": "cafe",
              "title": "cafes",
              "attributes": [
                "full_id",
                "osm_id",
                "osm_type",
                "amenity",
                "descriptio",
                "ref",
                "level_ref",
                "operator_w",
                "operator_1",
                "operator",
                "contact_tw",
                "contact_fa",
                "was_name",
                "theme",
                "payment_de",
                "payment_cr",
                "alt_name",
                "safety_mas",
                "drink_tea",
                "diet_vegan",
                "diet_glute",
                "drink_espr",
                "payment_di",
                "payment_ca",
                "payment_am",
                "email",
                "atm",
                "toilets_un",
                "toilets_ac",
                "toilets",
                "drink_coff",
                "name_fa",
                "short_name",
                "delivery",
                "air_condit",
                "shop",
                "name_es",
                "contact_in",
                "name_ja",
                "brand_ja",
                "brand_en",
                "branch",
                "diet_veget",
                "addr_unit",
                "drive_thro",
                "smoking",
                "bar",
                "name_zh",
                "name_en",
                "payment_vi",
                "payment_ma",
                "addr_floor",
                "toilets_wh",
                "level",
                "phone",
                "internet_a",
                "check_date",
                "wheelchair",
                "contact_we",
                "takeaway",
                "official_n",
                "internet_1",
                "cuisine",
                "brand_wiki",
                "brand",
                "website",
                "outdoor_se",
                "opening_ho",
                "name",
                "addr_stree",
                "addr_postc",
                "addr_house",
                "addr_city",
                "gnis_revie",
                "gnis_impor",
                "gnis_featu",
                "gnis_count",
                "ele",
                "addr_state",
                "geometry",
                "maptip"
              ],
              "queryable": true
            },
            {
              "name": "roads",
              "title": "roads",
              "attributes": [
                "full_id",
                "osm_id",
                "osm_type",
                "bicycle",
                "turn_lanes",
                "lanes_forw",
                "lanes_back",
                "sidewalk_r",
                "sidewalk_l",
                "wheelchair",
                "turn_lan_1",
                "footway_su",
                "cycleway_s",
                "check_date",
                "width",
                "lit",
                "bridge",
                "sidewalk_b",
                "access",
                "footway",
                "crossing_m",
                "crossing_i",
                "crossing",
                "segregated",
                "hgv",
                "tunnel",
                "rollerblad",
                "oneway",
                "layer",
                "foot",
                "covered",
                "shoulder",
                "lanes",
                "abutters",
                "surface",
                "sidewalk",
                "cycleway_r",
                "cycleway_l",
                "tiger_revi",
                "maxspeed",
                "tiger_name",
                "tiger_na_1",
                "tiger_coun",
                "tiger_cfcc",
                "name",
                "highway",
                "cycleway",
                "geometry",
                "maptip"
              ],
              "queryable": true
            },
            {
              "name": "polygons",
              "title": "Airports",
              "attributes": [
                "full_id",
                "osm_id",
                "osm_type",
                "aeroway",
                "lacounty_b",
                "lacounty_a",
                "height",
                "building",
                "surface",
                "rooftop",
                "lit",
                "layer",
                "wikidata",
                "variation",
                "source_ref",
                "source_dat",
                "ref",
                "phone",
                "operator",
                "note_accur",
                "name",
                "gnis_featu",
                "gnis_fea_1",
                "gnis_creat",
                "gnis_count",
                "faa",
                "ele",
                "closest_to",
                "addr_state",
                "accuracy",
                "access",
                "FAA_LFSN",
                "type",
                "geometry",
                "maptip"
              ],
              "queryable": true
            },
            {
              "name": "positron",
              "title": "Positron",
              "queryable": true
            }
          ]
        },
        "print_templates": [
          "printlayout"
        ]
      }
    ],
    "wfs_services": []
  }
}