{
  "defaultWMSVersion":"1.3.0",
  "defaultSearchProviders": ["coordinates"],
  "defaultTheme": "vrajesh_project",
  "defaultScales": [100000000, 50000000, 25000000, 10000000, 4000000, 2000000, 1000000, 400000, 200000, 80000, 40000, 20000, 10000, 8000, 6000, 4000, 2000, 1000, 500, 250, 100],

  "themes": {
  "items": [
      {
      "id": "vrajesh_project",
      "title": "Aeroways in LA",
      "url": "/ows/Aeroways_project",
      "attribution": "Aeroways in LA",
      "attributionUrl": "https://127.0.0.1/",
      "backgroundLayers":[
        {
            "name":"roads"
        },
        {
            "name":"cafes"

        },
        {
            "name":"airports"

        },
        {
            "name":"Positron",
            "visibility":true

        }
        
    ],
      "searchProviders": [
          "coordinates",
          "nominatim",
          {
          "provider": "solr",
          "default": [
          ]
          }
      ],
      "mapCrs": "EPSG:4326",
      "skipEmptyFeatureAttributes": true,
      "extent": [-148.400050231,-77.260039857,14.670993524,63.821140796],
      "printResolutions": [300],
      "thumbnail": "Aeroways_project.png"
      }
  ],
  "backgroundLayers":[
    {
        "name":"Positron",
        "title":"Positron",
        "type":"dataset",
        "source":"osm",
        "thumbnail":"positron.png",
        "attribution":"CARTODB maps",
        "attributionUrl":"https://cartodb.com/basemaps/"
    }

]
  }
}
